{
    "a": {
        "0": 15,
        "1": 13,
        "2": 1,
        "3": 24,
        "4": 3
    },
    "b": {
        "0": 35,
        "1": 28,
        "2": 46,
        "3": 31,
        "4": 38
    },
    "c": {
        "0": 56,
        "1": 62,
        "2": 50,
        "3": 62,
        "4": 65
    },
    "d": {
        "0": 91,
        "1": 78,
        "2": 85,
        "3": 86,
        "4": 87
    },
    "mean_abcd": {
        "0": 49.25,
        "1": 45.25,
        "2": 45.5,
        "3": 50.75,
        "4": 48.25
    },
    "std_abcd": {
        "0": 32.4794807019,
        "1": 29.9485670219,
        "2": 34.4528663539,
        "3": 28.7213625489,
        "4": 36.2157884538
    }
}